episode,model,avg_payoff
1,DQN,1.0
2,DQN,1.0
3,DQN,2.0
4,DQN,1.625
5,DQN,-0.3
6,DQN,0.08333333333333333
7,DQN,0.35714285714285715
8,DQN,0.8125
9,DQN,0.8333333333333334
10,DQN,0.8
11,DQN,1.6363636363636365
12,DQN,1.5833333333333333
13,DQN,1.5
14,DQN,1.4285714285714286
15,DQN,1.4
16,DQN,1.34375
17,DQN,1.3235294117647058
18,DQN,1.6388888888888888
19,DQN,1.605263157894737
20,DQN,1.625
21,DQN,1.6428571428571428
22,DQN,1.6136363636363635
23,DQN,1.565217391304348
24,DQN,1.5416666666666667
25,DQN,1.52
26,DQN,1.6153846153846154
27,DQN,1.9259259259259258
28,DQN,2.142857142857143
29,DQN,2.086206896551724
30,DQN,2.1166666666666667
31,DQN,2.064516129032258
32,DQN,2.03125
33,DQN,1.9848484848484849
34,DQN,2.073529411764706
35,DQN,2.0285714285714285
36,DQN,1.7222222222222223
37,DQN,1.662162162162162
38,DQN,1.644736842105263
39,DQN,1.6282051282051282
40,DQN,1.6625
41,DQN,1.6341463414634145
42,DQN,1.6428571428571428
43,DQN,1.697674418604651
44,DQN,1.6704545454545454
45,DQN,1.6444444444444444
46,DQN,1.673913043478261
47,DQN,1.648936170212766
48,DQN,1.625
49,DQN,1.6326530612244898
50,DQN,1.78
51,DQN,1.7647058823529411
52,DQN,1.8076923076923077
53,DQN,1.7924528301886793
54,DQN,1.7685185185185186
55,DQN,1.7545454545454546
56,DQN,1.9375
57,DQN,1.9385964912280702
58,DQN,1.9224137931034482
59,DQN,1.9067796610169492
60,DQN,1.8916666666666666
61,DQN,1.8688524590163935
62,DQN,1.846774193548387
63,DQN,1.9603174603174602
64,DQN,1.9375
65,DQN,1.7230769230769232
66,DQN,1.7575757575757576
67,DQN,1.7462686567164178
68,DQN,1.75
69,DQN,1.7318840579710144
70,DQN,1.75
71,DQN,1.7535211267605635
72,DQN,1.7708333333333333
73,DQN,1.773972602739726
74,DQN,1.777027027027027
75,DQN,1.76
76,DQN,1.763157894736842
77,DQN,1.8051948051948052
78,DQN,1.8076923076923077
79,DQN,1.6329113924050633
80,DQN,1.625
81,DQN,1.6296296296296295
82,DQN,1.6158536585365855
83,DQN,1.644578313253012
84,DQN,1.630952380952381
85,DQN,1.6235294117647059
86,DQN,1.6104651162790697
87,DQN,1.5977011494252873
88,DQN,1.4659090909090908
89,DQN,1.4606741573033708
90,DQN,1.4666666666666666
91,DQN,1.4835164835164836
92,DQN,1.4891304347826086
93,DQN,1.478494623655914
94,DQN,1.4734042553191489
95,DQN,1.5
96,DQN,1.5052083333333333
97,DQN,1.5
98,DQN,1.4948979591836735
99,DQN,1.5101010101010102
100,DQN,1.415
101,DQN,1.301980198019802
102,DQN,1.4264705882352942
103,DQN,1.4174757281553398
104,DQN,1.4423076923076923
105,DQN,1.4333333333333333
106,DQN,1.4575471698113207
107,DQN,1.47196261682243
108,DQN,1.4768518518518519
109,DQN,1.6009174311926606
110,DQN,1.5909090909090908
111,DQN,1.5810810810810811
112,DQN,1.6116071428571428
113,DQN,1.668141592920354
114,DQN,1.6973684210526316
115,DQN,1.7434782608695651
116,DQN,1.7370689655172413
117,DQN,1.7307692307692308
118,DQN,1.75
119,DQN,1.7394957983193278
120,DQN,1.7583333333333333
121,DQN,1.7851239669421488
122,DQN,1.7295081967213115
123,DQN,1.7195121951219512
124,DQN,1.721774193548387
125,DQN,1.732
126,DQN,1.742063492063492
127,DQN,1.736220472440945
128,DQN,1.74609375
129,DQN,1.7945736434108528
130,DQN,1.7884615384615385
131,DQN,1.782442748091603
132,DQN,1.7765151515151516
133,DQN,1.6954887218045114
134,DQN,1.6865671641791045
135,DQN,1.6777777777777778
136,DQN,1.5845588235294117
137,DQN,1.5766423357664234
138,DQN,1.6304347826086956
139,DQN,1.6330935251798562
140,DQN,1.6714285714285715
141,DQN,1.6312056737588652
142,DQN,1.6549295774647887
143,DQN,1.6713286713286712
144,DQN,1.6631944444444444
145,DQN,1.6793103448275861
146,DQN,1.6746575342465753
147,DQN,1.6768707482993197
148,DQN,1.7060810810810811
149,DQN,1.721476510067114
150,DQN,1.7133333333333334
151,DQN,1.7086092715231789
152,DQN,1.7236842105263157
153,DQN,1.7189542483660132
154,DQN,1.7110389610389611
155,DQN,1.7451612903225806
156,DQN,1.7788461538461537
157,DQN,1.7802547770700636
158,DQN,1.8006329113924051
159,DQN,1.7924528301886793
160,DQN,1.7875
161,DQN,1.779503105590062
162,DQN,1.7746913580246915
163,DQN,1.8006134969325154
164,DQN,1.8079268292682926
165,DQN,1.8333333333333333
166,DQN,1.8403614457831325
167,DQN,1.847305389221557
168,DQN,1.8601190476190477
169,DQN,1.8846153846153846
170,DQN,1.9088235294117648
171,DQN,1.9210526315789473
172,DQN,1.938953488372093
173,DQN,1.9335260115606936
174,DQN,1.9252873563218391
175,DQN,1.9314285714285715
176,DQN,1.9232954545454546
177,DQN,1.9180790960451977
178,DQN,1.9185393258426966
179,DQN,1.910614525139665
180,DQN,1.9055555555555554
181,DQN,1.9171270718232045
182,DQN,1.9175824175824177
183,DQN,1.9180327868852458
184,DQN,1.9184782608695652
185,DQN,1.9297297297297298
186,DQN,1.946236559139785
187,DQN,1.9411764705882353
188,DQN,1.9361702127659575
189,DQN,1.9312169312169312
190,DQN,1.9263157894736842
191,DQN,1.9214659685863875
192,DQN,1.9166666666666667
193,DQN,1.9430051813471503
194,DQN,1.9355670103092784
195,DQN,1.9282051282051282
196,DQN,1.9209183673469388
197,DQN,1.916243654822335
198,DQN,1.8762626262626263
199,DQN,1.8693467336683418
200,DQN,1.865
1,Random,2.0
2,Random,-2.0
3,Random,-0.6666666666666666
4,Random,-0.75
5,Random,0.0
6,Random,-0.16666666666666666
7,Random,-0.2857142857142857
8,Random,-0.3125
9,Random,-0.16666666666666666
10,Random,-0.45
11,Random,-0.5909090909090909
12,Random,-0.625
13,Random,-0.5384615384615384
14,Random,-0.42857142857142855
15,Random,-0.5333333333333333
16,Random,-0.46875
17,Random,-0.38235294117647056
18,Random,-0.3055555555555556
19,Random,-0.23684210526315788
20,Random,-0.175
21,Random,-0.21428571428571427
22,Random,-0.29545454545454547
23,Random,-0.2391304347826087
24,Random,-0.20833333333333334
25,Random,-0.22
26,Random,-0.19230769230769232
27,Random,-0.14814814814814814
28,Random,-0.17857142857142858
29,Random,0.034482758620689655
30,Random,0.0
31,Random,0.06451612903225806
32,Random,0.09375
33,Random,0.18181818181818182
34,Random,0.20588235294117646
35,Random,0.14285714285714285
36,Random,0.1527777777777778
37,Random,0.16216216216216217
38,Random,0.14473684210526316
39,Random,0.038461538461538464
40,Random,0.0875
41,Random,0.07317073170731707
42,Random,0.08333333333333333
43,Random,0.05813953488372093
44,Random,0.06818181818181818
45,Random,0.05555555555555555
46,Random,0.03260869565217391
47,Random,0.010638297872340425
48,Random,0.07291666666666667
49,Random,0.061224489795918366
50,Random,0.04
51,Random,0.0784313725490196
52,Random,0.0673076923076923
53,Random,0.14150943396226415
54,Random,0.12962962962962962
55,Random,0.13636363636363635
56,Random,0.09821428571428571
57,Random,0.08771929824561403
58,Random,-0.06896551724137931
59,Random,-0.059322033898305086
60,Random,-0.075
61,Random,-0.02459016393442623
62,Random,0.008064516129032258
63,Random,0.023809523809523808
64,Random,0.0703125
65,Random,0.07692307692307693
66,Random,0.06818181818181818
67,Random,0.07462686567164178
68,Random,0.0661764705882353
69,Random,0.057971014492753624
70,Random,0.07142857142857142
71,Random,0.11267605633802817
72,Random,0.09722222222222222
73,Random,0.1095890410958904
74,Random,0.10135135135135136
75,Random,0.09333333333333334
76,Random,0.07894736842105263
77,Random,0.08441558441558442
78,Random,0.07692307692307693
79,Random,0.08227848101265822
80,Random,0.06875
81,Random,0.08024691358024691
82,Random,0.06707317073170732
83,Random,0.09036144578313253
84,Random,0.05357142857142857
85,Random,0.17058823529411765
86,Random,0.18023255813953487
87,Random,0.1896551724137931
88,Random,0.18181818181818182
89,Random,0.19101123595505617
90,Random,0.2111111111111111
91,Random,0.21428571428571427
92,Random,0.20108695652173914
93,Random,0.1881720430107527
94,Random,0.19148936170212766
95,Random,0.19473684210526315
96,Random,0.171875
97,Random,0.17525773195876287
98,Random,0.15306122448979592
99,Random,0.20202020202020202
100,Random,0.21
101,Random,0.21782178217821782
102,Random,0.23529411764705882
103,Random,0.22815533980582525
104,Random,0.27403846153846156
105,Random,0.28095238095238095
106,Random,0.27358490566037735
107,Random,0.2616822429906542
108,Random,0.25462962962962965
109,Random,0.2706422018348624
110,Random,0.2772727272727273
111,Random,0.26576576576576577
112,Random,0.25892857142857145
113,Random,0.252212389380531
114,Random,0.24561403508771928
115,Random,0.23478260869565218
116,Random,0.22844827586206898
117,Random,0.24358974358974358
118,Random,0.2330508474576271
119,Random,0.20588235294117646
120,Random,0.2125
121,Random,0.2066115702479339
122,Random,0.1885245901639344
123,Random,0.17886178861788618
124,Random,0.18548387096774194
125,Random,0.188
126,Random,0.18253968253968253
127,Random,0.2047244094488189
128,Random,0.2109375
129,Random,0.21705426356589147
130,Random,0.21923076923076923
131,Random,0.20229007633587787
132,Random,0.19318181818181818
133,Random,0.16917293233082706
134,Random,0.16417910447761194
135,Random,0.13333333333333333
136,Random,0.13970588235294118
137,Random,0.16058394160583941
138,Random,0.15579710144927536
139,Random,0.1510791366906475
140,Random,0.11428571428571428
141,Random,0.10638297872340426
142,Random,0.09154929577464789
143,Random,0.08391608391608392
144,Random,0.09027777777777778
145,Random,0.09655172413793103
146,Random,0.09931506849315068
147,Random,0.09183673469387756
148,Random,0.125
149,Random,0.09060402684563758
150,Random,0.07666666666666666
151,Random,0.10927152317880795
152,Random,0.11513157894736842
153,Random,0.10784313725490197
154,Random,0.11363636363636363
155,Random,0.11612903225806452
156,Random,0.11217948717948718
157,Random,0.10828025477707007
158,Random,0.13291139240506328
159,Random,0.14465408805031446
160,Random,0.13125
161,Random,0.12732919254658384
162,Random,0.12345679012345678
163,Random,0.12883435582822086
164,Random,0.10975609756097561
165,Random,0.11212121212121212
166,Random,0.10542168674698796
167,Random,0.11077844311377245
168,Random,0.12202380952380952
169,Random,0.1390532544378698
170,Random,0.1323529411764706
171,Random,0.1286549707602339
172,Random,0.13372093023255813
173,Random,0.12138728323699421
174,Random,0.11781609195402298
175,Random,0.11142857142857143
176,Random,0.10511363636363637
177,Random,0.08757062146892655
178,Random,0.08426966292134831
179,Random,0.0782122905027933
180,Random,0.08333333333333333
181,Random,0.09392265193370165
182,Random,0.08791208791208792
183,Random,0.09836065573770492
184,Random,0.09239130434782608
185,Random,0.0945945945945946
186,Random,0.0913978494623656
187,Random,0.0748663101604278
188,Random,0.07180851063829788
189,Random,0.06878306878306878
190,Random,0.06315789473684211
191,Random,0.06806282722513089
192,Random,0.06510416666666667
193,Random,0.04922279792746114
194,Random,0.03865979381443299
195,Random,0.04871794871794872
196,Random,0.04591836734693878
197,Random,0.050761421319796954
198,Random,0.06565656565656566
199,Random,0.06281407035175879
200,Random,0.0725
