episode,payoff
1,-3.0
2,1.0
3,2.0
4,2.0
5,4.0
6,1.0
7,0.5
8,-2.0
9,0.5
10,-4.0
11,-2.0
12,-0.5
13,-0.5
14,-2.0
15,0.5
16,-0.5
17,4.0
18,3.0
19,-3.0
20,1.0
21,-1.0
22,-9.0
23,2.0
24,-1.0
25,-0.5
26,0.5
27,-1.0
28,-0.5
29,-0.5
30,2.0
31,-2.0
32,-1.0
33,1.0
34,-0.5
35,-0.5
36,0.5
37,-0.5
38,0.5
39,-1.0
40,-2.0
41,-3.0
42,0.5
43,2.0
44,5.0
45,-0.5
46,-5.0
47,-0.5
48,-4.0
49,-0.5
50,-2.0
51,1.0
52,-0.5
53,-1.0
54,-0.5
55,2.0
56,2.0
57,-1.0
58,3.0
59,-8.0
60,2.0
61,-1.0
62,0.5
63,0.5
64,1.0
65,1.0
66,1.0
67,-1.0
68,-0.5
69,-3.0
70,-2.0
71,-0.5
72,2.0
73,0.5
74,-1.0
75,1.0
76,-2.0
77,2.0
78,-0.5
79,8.0
80,2.0
81,0.5
82,3.0
83,-3.0
84,-2.0
85,0.5
86,2.0
87,-3.0
88,-1.0
89,1.0
90,-1.0
91,-0.5
92,0.5
93,1.0
94,-3.0
95,-5.0
96,3.0
97,0.5
98,-1.0
99,-2.0
100,-0.5
101,-2.0
102,0.5
103,-3.0
104,0.5
105,-0.5
106,4.0
107,-0.5
108,-2.0
109,-2.0
110,2.0
111,0.5
112,-0.5
113,-1.0
114,3.0
115,1.0
116,1.0
117,1.0
118,0.0
119,-1.0
120,-1.0
121,0.5
122,0.5
123,-8.0
124,-0.5
125,-2.0
126,-1.0
127,1.0
128,-1.0
129,2.0
130,3.0
131,0.5
132,2.0
133,0.5
134,2.0
135,-1.0
136,3.0
137,-0.5
138,-1.0
139,1.0
140,-0.5
141,-7.0
142,1.0
143,3.0
144,-0.5
145,3.0
146,0.5
147,3.0
148,-0.5
149,-5.0
150,-1.0
151,-2.0
152,1.0
153,0.5
154,-1.0
155,-1.0
156,-2.0
157,2.0
158,-3.0
159,-1.0
160,-3.0
161,-2.0
162,1.0
163,-3.0
164,-0.5
165,-0.5
166,-6.0
167,-0.5
168,-5.0
169,2.0
170,-2.0
171,-0.5
172,1.0
173,-5.0
174,0.5
175,-0.5
176,-2.0
177,2.0
178,0.5
179,-0.5
180,0.5
181,-1.0
182,-1.0
183,2.0
184,0.5
185,-1.0
186,-0.5
187,-1.0
188,-1.0
189,0.5
190,0.5
191,1.0
192,-0.5
193,-1.0
194,3.0
195,-2.0
196,-4.0
197,-0.5
198,2.0
199,-3.0
200,0.5
201,3.0
202,1.0
203,1.0
204,-0.5
205,0.5
206,0.5
207,1.0
208,3.0
209,1.0
210,-0.5
211,-1.0
212,0.5
213,1.0
214,-1.0
215,1.0
216,-0.5
217,5.0
218,0.5
219,2.0
220,-2.0
221,2.0
222,0.5
223,-0.5
224,3.0
225,-1.0
226,-1.0
227,-1.0
228,-2.0
229,1.0
230,5.0
231,-3.0
232,-1.0
233,-1.0
234,1.0
235,0.5
236,2.0
237,0.5
238,1.0
239,-1.0
240,-1.0
241,1.0
242,-0.5
243,-2.0
244,-2.0
245,2.0
246,-2.0
247,-0.5
248,-2.0
249,2.0
250,-0.5
251,0.5
252,-0.5
253,-1.0
254,0.5
255,-0.5
256,1.0
257,0.5
258,-1.0
259,2.0
260,4.0
261,0.5
262,1.0
263,2.0
264,0.5
265,-1.0
266,1.0
267,4.0
268,-2.0
269,-3.0
270,-0.5
271,-1.0
272,0.5
273,1.0
274,1.0
275,2.0
276,-0.5
277,-1.0
278,-3.0
279,-1.0
280,0.5
281,-1.0
282,1.0
283,-3.0
284,2.0
285,-2.0
286,0.5
287,0.5
288,1.0
289,-0.5
290,-2.0
291,-0.5
292,-1.0
293,-0.5
294,-0.5
295,1.0
296,-1.0
297,0.5
298,-9.0
299,0.5
300,-0.5
301,1.0
302,1.0
303,-1.0
304,1.0
305,-4.0
306,-3.0
307,-0.5
308,-1.0
309,0.5
310,3.0
311,-0.5
312,-0.5
313,3.0
314,-0.5
315,-1.0
316,1.0
317,-1.0
318,-0.5
319,-3.0
320,-5.0
321,-2.0
322,-2.0
323,0.5
324,1.0
325,2.0
326,-0.5
327,-2.0
328,-3.0
329,0.5
330,-1.0
331,3.0
332,1.0
333,-0.5
334,-6.0
335,0.5
336,-0.5
337,2.0
338,2.0
339,-0.5
340,-1.0
341,2.0
342,0.5
343,0.5
344,1.0
345,-4.0
346,-3.0
347,3.0
348,-2.0
349,-1.0
350,-0.5
351,0.5
352,1.0
353,-1.0
354,1.0
355,2.0
356,-1.0
357,0.5
358,-1.0
359,9.0
360,1.0
361,-1.0
362,-1.0
363,-2.0
364,-2.0
365,1.0
366,1.0
367,-2.0
368,-1.0
369,-1.0
370,-6.0
371,-3.0
372,4.0
373,-0.5
374,-1.0
375,-4.0
376,1.0
377,1.0
378,-1.0
379,-0.5
380,1.0
381,0.5
382,1.0
383,-2.0
384,-2.0
385,0.5
386,0.5
387,-1.0
388,-0.5
389,-1.0
390,0.5
391,1.0
392,5.0
393,0.5
394,-0.5
395,-1.0
396,-4.0
397,0.5
398,-2.0
399,1.0
400,0.5
401,0.5
402,-1.0
403,-2.0
404,-0.5
405,3.0
406,-1.0
407,2.0
408,1.0
409,1.0
410,1.0
411,-1.0
412,0.5
413,5.0
414,-1.0
415,-3.0
416,-2.0
417,2.0
418,0.5
419,-0.5
420,-0.5
421,0.5
422,-0.5
423,-0.5
424,-0.5
425,3.0
426,-3.0
427,-0.5
428,1.0
429,0.5
430,-0.5
431,0.5
432,2.0
433,-3.0
434,0.5
435,0.5
436,6.0
437,2.0
438,-0.5
439,-1.0
440,-1.0
441,0.5
442,1.0
443,-0.5
444,-4.0
445,-4.0
446,-8.0
447,-1.0
448,0.5
449,0.5
450,-2.0
451,2.0
452,0.5
453,1.0
454,0.5
455,-1.0
456,-0.5
457,3.0
458,-2.0
459,0.5
460,2.0
461,0.5
462,-2.0
463,-1.0
464,1.0
465,-0.5
466,3.0
467,-0.5
468,-1.0
469,-1.0
470,0.5
471,5.0
472,0.5
473,-0.5
474,5.0
475,1.0
476,0.5
477,-3.0
478,-1.0
479,-1.0
480,2.0
481,0.5
482,-0.5
483,0.5
484,-1.0
485,-1.0
486,-3.0
487,0.5
488,0.5
489,2.0
490,0.5
491,2.0
492,-15.0
493,1.0
494,-0.5
495,2.0
496,1.0
497,-0.5
498,2.0
499,-2.0
500,-2.0
501,0.5
502,6.0
503,7.0
504,-2.0
505,0.5
506,-1.0
507,0.5
508,1.0
509,3.0
510,-1.0
511,1.0
512,1.0
513,-0.5
514,1.0
515,1.0
516,2.0
517,0.5
518,2.0
519,0.5
520,-0.5
521,-1.0
522,1.0
523,-3.0
524,2.0
525,-1.0
526,-0.5
527,2.0
528,-1.0
529,-1.0
530,-1.0
531,-5.0
532,2.0
533,-1.0
534,-0.5
535,1.0
536,2.0
537,-5.0
538,1.0
539,-5.0
540,-0.5
541,-1.0
542,-0.5
543,2.0
544,2.0
545,6.0
546,2.0
547,-4.0
548,-1.0
549,-1.0
550,0.5
551,-3.0
552,-0.5
553,-2.0
554,1.0
555,-1.0
556,1.0
557,1.0
558,1.0
559,2.0
560,-1.0
561,4.0
562,0.5
563,-0.5
564,2.0
565,1.0
566,3.0
567,3.0
568,-0.5
569,6.0
570,-2.0
571,0.5
572,-0.5
573,-0.5
574,2.0
575,-6.0
576,-1.0
577,-7.0
578,-8.0
579,0.5
580,0.5
581,0.5
582,-0.5
583,-0.5
584,-0.5
585,1.0
586,1.0
587,0.5
588,2.0
589,-3.0
590,-5.0
591,-1.0
592,1.0
593,0.5
594,1.0
595,-1.0
596,1.0
597,-0.5
598,-2.0
599,0.5
600,-1.0
601,-3.0
602,-5.0
603,-6.0
604,-4.0
605,1.0
606,1.0
607,-1.0
608,-2.0
609,9.0
610,2.0
611,-2.0
612,-2.0
613,3.0
614,-4.0
615,2.0
616,2.0
617,4.0
618,1.0
619,-0.5
620,1.0
621,-1.0
622,1.0
623,-0.5
624,-2.0
625,-3.0
626,-0.5
627,-0.5
628,-6.0
629,1.0
630,3.0
631,4.0
632,-6.0
633,-0.5
634,-0.5
635,0.5
636,3.0
637,-0.5
638,-2.0
639,-1.0
640,1.0
641,-1.0
642,-1.0
643,-1.0
644,-1.0
645,7.0
646,2.0
647,0.5
648,-1.0
649,6.0
650,-1.0
651,2.0
652,-2.0
653,1.0
654,-2.0
655,1.0
656,-3.0
657,1.0
658,-2.0
659,1.0
660,-2.0
661,-0.5
662,-0.5
663,1.0
664,-1.0
665,0.5
666,1.0
667,1.0
668,-5.0
669,-0.5
670,-2.0
671,2.0
672,-3.0
673,1.0
674,-2.0
675,0.5
676,-2.0
677,1.0
678,0.5
679,1.0
680,-1.0
681,-1.0
682,1.0
683,-0.5
684,-0.5
685,-0.5
686,0.5
687,-3.0
688,1.0
689,-2.0
690,1.0
691,1.0
692,6.0
693,-1.0
694,0.5
695,-14.0
696,0.5
697,-0.5
698,1.0
699,-1.0
700,-0.5
701,-0.5
702,-0.5
703,2.0
704,-0.5
705,-1.0
706,0.5
707,-2.0
708,-4.0
709,-2.0
710,-0.5
711,-1.0
712,0.5
713,3.0
714,-3.0
715,0.5
716,-0.5
717,1.0
718,-2.0
719,2.0
720,-4.0
721,-0.5
722,3.0
723,0.5
724,0.5
725,-1.0
726,1.0
727,1.0
728,3.0
729,0.5
730,-5.0
731,-1.0
732,-1.0
733,-4.0
734,0.5
735,-1.0
736,-2.0
737,-1.0
738,-0.5
739,2.0
740,-0.5
741,1.0
742,0.5
743,-0.5
744,2.0
745,1.0
746,0.5
747,-0.5
748,-0.5
749,-0.5
750,0.5
751,-2.0
752,0.5
753,1.0
754,-9.0
755,-1.0
756,-1.0
757,-4.0
758,-1.0
759,-0.5
760,-2.0
761,1.0
762,1.0
763,4.0
764,0.5
765,-3.0
766,1.0
767,-3.0
768,1.0
769,-0.5
770,-1.0
771,0.5
772,0.5
773,0.5
774,-2.0
775,-1.0
776,-2.0
777,4.0
778,-3.0
779,-0.5
780,4.0
781,-1.0
782,1.0
783,-0.5
784,-2.0
785,0.5
786,-1.0
787,0.5
788,-1.0
789,0.5
790,-0.5
791,0.5
792,-0.5
793,-2.0
794,7.0
795,1.0
796,0.5
797,-1.0
798,0.5
799,2.0
800,-0.5
801,1.0
802,1.0
803,-4.0
804,-0.5
805,-4.0
806,0.5
807,2.0
808,0.5
809,-3.0
810,-0.5
811,1.0
812,-2.0
813,-1.0
814,-0.5
815,0.5
816,-2.0
817,-1.0
818,-1.0
819,0.5
820,-1.0
821,-0.5
822,-0.5
823,2.0
824,-1.0
825,1.0
826,2.0
827,-2.0
828,1.0
829,3.0
830,4.0
831,-1.0
832,-1.0
833,0.5
834,-0.5
835,2.0
836,1.0
837,0.5
838,-1.0
839,-1.0
840,-6.0
841,-0.5
842,-0.5
843,-1.0
844,-4.0
845,0.5
846,0.5
847,1.0
848,3.0
849,1.0
850,-4.0
851,0.5
852,-1.0
853,0.5
854,-0.5
855,0.5
856,-1.0
857,-0.5
858,-0.5
859,2.0
860,1.0
861,-6.0
862,6.0
863,4.0
864,-1.0
865,-1.0
866,2.0
867,-0.5
868,-0.5
869,-3.0
870,-3.0
871,2.0
872,0.5
873,1.0
874,1.0
875,0.5
876,3.0
877,-1.0
878,-1.0
879,-1.0
880,0.5
881,5.0
882,-4.0
883,1.0
884,-0.5
885,-2.0
886,-2.0
887,6.0
888,-1.0
889,-3.0
890,3.0
891,0.5
892,2.0
893,-3.0
894,-2.0
895,-0.5
896,-0.5
897,-1.0
898,-1.0
899,1.0
900,1.0
901,-0.5
902,-2.0
903,-4.0
904,1.0
905,3.0
906,-0.5
907,1.0
908,-0.5
909,0.5
910,-0.5
911,1.0
912,3.0
913,0.5
914,1.0
915,-2.0
916,2.0
917,3.0
918,3.0
919,2.0
920,0.5
921,-0.5
922,0.5
923,0.5
924,3.0
925,-1.0
926,-2.0
927,2.0
928,-1.0
929,2.0
930,1.0
931,-3.0
932,-0.5
933,5.0
934,-2.0
935,0.5
936,-1.0
937,-3.0
938,0.5
939,-2.0
940,-2.0
941,-2.0
942,-0.5
943,-2.0
944,-3.0
945,-4.0
946,0.5
947,-3.0
948,1.0
949,1.0
950,1.0
951,-0.5
952,0.5
953,-0.5
954,6.0
955,3.0
956,-0.5
957,-1.0
958,-1.0
959,-2.0
960,1.0
961,3.0
962,-1.0
963,0.5
964,-1.0
965,1.0
966,1.0
967,0.5
968,0.5
969,1.0
970,-0.5
971,0.5
972,3.0
973,0.5
974,9.0
975,-0.5
976,6.0
977,-0.5
978,-2.0
979,0.5
980,-1.0
981,-1.0
982,0.5
983,3.0
984,0.5
985,-1.0
986,-1.0
987,-1.0
988,0.5
989,-0.5
990,-2.0
991,-0.5
992,2.0
993,2.0
994,0.5
995,2.0
996,1.0
997,-1.0
998,-0.5
999,-1.0
1000,-0.5
1001,1.0
1002,1.0
1003,3.0
1004,1.0
1005,-0.5
1006,0.5
1007,3.0
1008,1.0
1009,1.0
1010,-0.5
1011,-0.5
1012,2.0
1013,-1.0
1014,1.0
1015,-0.5
1016,0.5
1017,5.0
1018,-0.5
1019,-2.0
1020,-1.0
1021,5.0
1022,1.0
1023,0.5
1024,-1.0
1025,-3.0
1026,-2.0
1027,0.5
1028,-2.0
1029,2.0
1030,5.0
1031,-0.5
1032,-2.0
1033,1.0
1034,-1.0
1035,-3.0
1036,-2.0
1037,1.0
1038,2.0
1039,-1.0
1040,1.0
1041,-2.0
1042,3.0
1043,6.0
1044,-0.5
1045,0.5
1046,0.5
1047,-1.0
1048,-1.0
1049,-2.0
1050,-3.0
1051,3.0
1052,-2.0
1053,-2.0
1054,-1.0
1055,0.5
1056,-0.5
1057,2.0
1058,-0.5
1059,1.0
1060,3.0
1061,2.0
1062,-1.0
1063,2.0
1064,0.5
1065,-0.5
1066,1.0
1067,2.0
1068,2.0
1069,0.5
1070,-1.0
1071,-4.0
1072,-8.0
1073,-1.0
1074,-4.0
1075,2.0
1076,-0.5
1077,0.5
1078,-3.0
1079,1.0
1080,-0.5
1081,1.0
1082,3.0
1083,-4.0
1084,-0.5
1085,-2.0
1086,3.0
1087,2.0
1088,-2.0
1089,3.0
1090,-0.5
1091,3.0
1092,1.0
1093,-0.5
1094,2.0
1095,0.5
1096,-1.0
1097,3.0
1098,-1.0
1099,-1.0
1100,-1.0
1101,0.5
1102,-3.0
1103,-0.5
1104,0.5
1105,1.0
1106,-0.5
1107,2.0
1108,-2.0
1109,-1.0
1110,1.0
1111,-0.5
1112,-0.5
1113,-1.0
1114,0.5
1115,-1.0
1116,-2.0
1117,-1.0
1118,-4.0
1119,1.0
1120,0.5
1121,0.5
1122,0.5
1123,-2.0
1124,1.0
1125,-2.0
1126,0.5
1127,-0.5
1128,-8.0
1129,1.0
1130,0.5
1131,-1.0
1132,0.5
1133,-1.0
1134,3.0
1135,1.0
1136,1.0
1137,5.0
1138,0.5
1139,0.5
1140,-1.0
1141,-1.0
1142,1.0
1143,-6.0
1144,2.0
1145,0.5
1146,0.5
1147,-3.0
1148,-0.5
1149,-2.0
1150,-2.0
1151,-2.0
1152,0.5
1153,2.0
1154,-0.5
1155,-0.5
1156,1.0
1157,-4.0
1158,2.0
1159,1.0
1160,0.5
1161,-0.5
1162,-1.0
1163,0.5
1164,-1.0
1165,4.0
1166,-0.5
1167,0.5
1168,-0.5
1169,-5.0
1170,-2.0
1171,2.0
1172,-2.0
1173,-3.0
1174,0.5
1175,0.5
1176,0.5
1177,-4.0
1178,6.0
1179,-2.0
1180,1.0
1181,-1.0
1182,1.0
1183,1.0
1184,2.0
1185,-1.0
1186,0.5
1187,1.0
1188,-1.0
1189,-0.5
1190,0.5
1191,1.0
1192,2.0
1193,-0.5
1194,1.0
1195,-4.0
1196,-0.5
1197,2.0
1198,0.5
1199,-1.0
1200,1.0
1201,4.0
1202,-1.0
1203,-1.0
1204,1.0
1205,-1.0
1206,0.5
1207,1.0
1208,0.5
1209,2.0
1210,-0.5
1211,1.0
1212,-1.0
1213,-1.0
1214,-2.0
1215,8.0
1216,-1.0
1217,2.0
1218,-2.0
1219,-1.0
1220,0.5
1221,-0.5
1222,0.5
1223,0.5
1224,-3.0
1225,1.0
1226,1.0
1227,-0.5
1228,-1.0
1229,1.0
1230,2.0
1231,4.0
1232,2.0
1233,2.0
1234,0.5
1235,1.0
1236,0.5
1237,-1.0
1238,5.0
1239,3.0
1240,3.0
1241,1.0
1242,0.5
1243,-0.5
1244,-6.0
1245,0.5
1246,-1.0
1247,1.0
1248,2.0
1249,1.0
1250,-2.0
1251,1.0
1252,1.0
1253,1.0
1254,1.0
1255,-0.5
1256,5.0
1257,0.5
1258,4.0
1259,1.0
1260,0.5
1261,-2.0
1262,0.5
1263,-0.5
1264,-1.0
1265,-0.5
1266,-0.5
1267,-4.0
1268,-1.0
1269,-10.0
1270,-1.0
1271,3.0
1272,-1.0
1273,0.5
1274,-1.0
1275,-4.0
1276,-0.5
1277,1.0
1278,2.0
1279,2.0
1280,-2.0
1281,-2.0
1282,2.0
1283,1.0
1284,1.0
1285,1.0
1286,-4.0
1287,1.0
1288,1.0
1289,-0.5
1290,0.5
1291,-1.0
1292,0.5
1293,0.5
1294,2.0
1295,1.0
1296,-0.5
1297,-2.0
1298,-2.0
1299,-0.5
1300,-0.5
1301,-1.0
1302,0.5
1303,-5.0
1304,-0.5
1305,-0.5
1306,-2.0
1307,-1.0
1308,2.0
1309,1.0
1310,-4.0
1311,-0.5
1312,0.5
1313,4.0
1314,-2.0
1315,1.0
1316,1.0
1317,-1.0
1318,1.0
1319,3.0
1320,-0.5
1321,0.5
1322,0.5
1323,-0.5
1324,-1.0
1325,-1.0
1326,2.0
1327,-4.0
1328,0.5
1329,-0.5
1330,-0.5
1331,-0.5
1332,-1.0
1333,-0.5
1334,1.0
1335,0.5
1336,-1.0
1337,-0.5
1338,0.5
1339,0.5
1340,2.0
1341,1.0
1342,0.5
1343,2.0
1344,0.5
1345,-0.5
1346,-1.0
1347,1.0
1348,0.5
1349,0.5
1350,2.0
1351,-2.0
1352,-2.0
1353,0.5
1354,0.5
1355,2.0
1356,-1.0
1357,2.0
1358,0.5
1359,-1.0
1360,4.0
1361,0.5
1362,-0.5
1363,1.0
1364,-1.0
1365,0.5
1366,2.0
1367,3.0
1368,-1.0
1369,-0.5
1370,4.0
1371,-0.5
1372,2.0
1373,2.0
1374,-3.0
1375,0.5
1376,-0.5
1377,3.0
1378,1.0
1379,1.0
1380,-0.5
1381,0.5
1382,0.5
1383,-0.5
1384,-1.0
1385,1.0
1386,4.0
1387,3.0
1388,1.0
1389,0.5
1390,-1.0
1391,0.5
1392,0.5
1393,-9.0
1394,1.0
1395,0.5
1396,-0.5
1397,-1.0
1398,0.5
1399,1.0
1400,1.0
1401,0.5
1402,3.0
1403,4.0
1404,-1.0
1405,1.0
1406,0.5
1407,-1.0
1408,1.0
1409,5.0
1410,0.5
1411,2.0
1412,1.0
1413,-1.0
1414,-1.0
1415,0.5
1416,1.0
1417,0.5
1418,1.0
1419,-1.0
1420,2.0
1421,2.0
1422,-2.0
1423,1.0
1424,-1.0
1425,-3.0
1426,2.0
1427,-0.5
1428,0.5
1429,2.0
1430,1.0
1431,0.5
1432,0.5
1433,-3.0
1434,-3.0
1435,5.0
1436,-1.0
1437,-1.0
1438,-1.0
1439,-2.0
1440,1.0
1441,-2.0
1442,0.5
1443,-1.0
1444,0.5
1445,-0.5
1446,1.0
1447,1.0
1448,-1.0
1449,-1.0
1450,-1.0
1451,-0.5
1452,-1.0
1453,0.5
1454,-5.0
1455,0.5
1456,4.0
1457,-3.0
1458,1.0
1459,0.5
1460,-1.0
1461,1.0
1462,1.0
1463,1.0
1464,2.0
1465,-0.5
1466,0.5
1467,-3.0
1468,-2.0
1469,-2.0
1470,0.5
1471,1.0
1472,-1.0
1473,1.0
1474,7.0
1475,2.0
1476,4.0
1477,1.0
1478,1.0
1479,-1.0
1480,-1.0
1481,-1.0
1482,-0.5
1483,-1.0
1484,-0.5
1485,1.0
1486,1.0
1487,1.0
1488,0.5
1489,-3.0
1490,-5.0
1491,-1.0
1492,3.0
1493,0.5
1494,0.5
1495,-2.0
1496,1.0
1497,4.0
1498,-0.5
1499,-2.0
1500,0.5
1501,-0.5
1502,-1.0
1503,-0.5
1504,1.0
1505,-1.0
1506,1.0
1507,-0.5
1508,2.0
1509,-0.5
1510,1.0
1511,4.0
1512,6.0
1513,-1.0
1514,-0.5
1515,-1.0
1516,-1.0
1517,3.0
1518,4.0
1519,-5.0
1520,2.0
1521,-4.0
1522,0.5
1523,0.5
1524,0.5
1525,-2.0
1526,-1.0
1527,-1.0
1528,-0.5
1529,5.0
1530,2.0
1531,-1.0
1532,2.0
1533,0.5
1534,0.5
1535,-2.0
1536,-4.0
1537,-2.0
1538,1.0
1539,-1.0
1540,-1.0
1541,-1.0
1542,4.0
1543,0.5
1544,-5.0
1545,2.0
1546,0.5
1547,-1.0
1548,1.0
1549,3.0
1550,1.0
1551,-1.0
1552,2.0
1553,-0.5
1554,2.0
1555,0.5
1556,1.0
1557,-5.0
1558,-0.5
1559,-1.0
1560,0.5
1561,0.5
1562,1.0
1563,1.0
1564,-1.0
1565,1.0
1566,-5.0
1567,0.5
1568,1.0
1569,7.0
1570,2.0
1571,-1.0
1572,-4.0
1573,0.5
1574,0.5
1575,0.5
1576,-3.0
1577,-0.5
1578,-0.5
1579,2.0
1580,2.0
1581,1.0
1582,3.0
1583,-0.5
1584,1.0
1585,0.5
1586,0.5
1587,-8.0
1588,-2.0
1589,2.0
1590,-1.0
1591,-2.0
1592,-0.5
1593,-0.5
1594,-4.0
1595,1.0
1596,-1.0
1597,-1.0
1598,-0.5
1599,1.0
1600,0.5
1601,3.0
1602,-1.0
1603,0.5
1604,2.0
1605,0.5
1606,0.5
1607,-0.5
1608,0.5
1609,-1.0
1610,4.0
1611,15.0
1612,-3.0
1613,-1.0
1614,1.0
1615,-2.0
1616,1.0
1617,0.5
1618,-2.0
1619,-1.0
1620,-3.0
1621,1.0
1622,2.0
1623,-2.0
1624,10.0
1625,0.5
1626,-1.0
1627,-4.0
1628,3.0
1629,5.0
1630,1.0
1631,6.0
1632,-4.0
1633,2.0
1634,-1.0
1635,2.0
1636,0.5
1637,-3.0
1638,2.0
1639,1.0
1640,2.0
1641,-0.5
1642,4.0
1643,3.0
1644,1.0
1645,-2.0
1646,3.0
1647,0.5
1648,0.5
1649,3.0
1650,2.0
1651,-7.0
1652,-0.5
1653,-4.0
1654,5.0
1655,-0.5
1656,-4.0
1657,3.0
1658,-1.0
1659,-0.5
1660,-1.0
1661,-4.0
1662,-2.0
1663,-0.5
1664,6.0
1665,7.0
1666,4.0
1667,0.5
1668,-2.0
1669,1.0
1670,-4.0
1671,3.0
1672,2.0
1673,0.5
1674,1.0
1675,-0.5
1676,0.5
1677,2.0
1678,-4.0
1679,4.0
1680,0.5
1681,0.5
1682,1.0
1683,-1.0
1684,0.5
1685,3.0
1686,-1.0
1687,0.5
1688,2.0
1689,2.0
1690,-0.5
1691,-2.0
1692,-0.5
1693,1.0
1694,0.5
1695,1.0
1696,0.5
1697,6.0
1698,-13.0
1699,0.5
1700,-0.5
1701,1.0
1702,0.5
1703,0.5
1704,5.0
1705,1.0
1706,-12.0
1707,1.0
1708,3.0
1709,0.5
1710,1.0
1711,-0.5
1712,0.5
1713,3.0
1714,1.0
1715,-1.0
1716,2.0
1717,-0.5
1718,1.0
1719,-6.0
1720,3.0
1721,-2.0
1722,0.5
1723,0.5
1724,-2.0
1725,-1.0
1726,-2.0
1727,-0.5
1728,1.0
1729,0.5
1730,-1.0
1731,1.0
1732,2.0
1733,0.5
1734,-3.0
1735,8.0
1736,-0.5
1737,-1.0
1738,-0.5
1739,0.5
1740,-2.0
1741,2.0
1742,5.0
1743,-1.0
1744,1.0
1745,-1.0
1746,-1.0
1747,2.0
1748,2.0
1749,3.0
1750,1.0
1751,-2.0
1752,-11.0
1753,-1.0
1754,-2.0
1755,1.0
1756,-2.0
1757,4.0
1758,0.5
1759,1.0
1760,-4.0
1761,-1.0
1762,1.0
1763,-2.0
1764,-2.0
1765,1.0
1766,-0.5
1767,1.0
1768,0.5
1769,-5.0
1770,-1.0
1771,1.0
1772,2.0
1773,0.5
1774,0.5
1775,-2.0
1776,-0.5
1777,-3.0
1778,2.0
1779,4.0
1780,1.0
1781,0.5
1782,-1.0
1783,-0.5
1784,4.0
1785,-2.0
1786,2.0
1787,0.5
1788,-3.0
1789,-1.0
1790,1.0
1791,-1.0
1792,3.0
1793,0.5
1794,2.0
1795,-2.0
1796,-0.5
1797,-1.0
1798,-1.0
1799,1.0
1800,0.5
1801,2.0
1802,-1.0
1803,-0.5
1804,-1.0
1805,5.0
1806,2.0
1807,0.5
1808,-0.5
1809,0.5
1810,-2.0
1811,-0.5
1812,0.5
1813,-2.0
1814,0.5
1815,0.5
1816,2.0
1817,1.0
1818,0.5
1819,-5.0
1820,1.0
1821,2.0
1822,5.0
1823,-3.0
1824,5.0
1825,2.0
1826,-7.0
1827,0.5
1828,3.0
1829,-0.5
1830,-1.0
1831,0.5
1832,-2.0
1833,0.5
1834,-0.5
1835,2.0
1836,-0.5
1837,-1.0
1838,-0.5
1839,1.0
1840,0.5
1841,3.0
1842,-2.0
1843,-2.0
1844,-0.5
1845,2.0
1846,2.0
1847,-0.5
1848,1.0
1849,4.0
1850,5.0
1851,-1.0
1852,-0.5
1853,3.0
1854,0.5
1855,-3.0
1856,-3.0
1857,-0.5
1858,2.0
1859,2.0
1860,0.5
1861,0.5
1862,1.0
1863,0.5
1864,-8.0
1865,1.0
1866,1.0
1867,0.5
1868,0.5
1869,-1.0
1870,2.0
1871,2.0
1872,4.0
1873,-0.5
1874,3.0
1875,-1.0
1876,2.0
1877,0.5
1878,1.0
1879,1.0
1880,1.0
1881,2.0
1882,-0.5
1883,-1.0
1884,2.0
1885,-3.0
1886,0.5
1887,0.5
1888,-0.5
1889,0.5
1890,-1.0
1891,-0.5
1892,3.0
1893,-0.5
1894,-2.0
1895,0.5
1896,1.0
1897,0.5
1898,-2.0
1899,-1.0
1900,1.0
1901,2.0
1902,-1.0
1903,0.5
1904,1.0
1905,1.0
1906,-2.0
1907,-9.0
1908,-9.0
1909,-3.0
1910,-2.0
1911,1.0
1912,1.0
1913,0.5
1914,1.0
1915,2.0
1916,12.0
1917,0.5
1918,0.5
1919,0.5
1920,-5.0
1921,-0.5
1922,2.0
1923,1.0
1924,1.0
1925,5.0
1926,10.0
1927,1.0
1928,5.0
1929,1.0
1930,1.0
1931,-3.0
1932,2.0
1933,-1.0
1934,1.0
1935,0.5
1936,1.0
1937,1.0
1938,0.5
1939,1.0
1940,0.5
1941,-1.0
1942,-0.5
1943,-1.0
1944,3.0
1945,-0.5
1946,-1.0
1947,-0.5
1948,-0.5
1949,-0.5
1950,0.5
1951,-1.0
1952,-2.0
1953,1.0
1954,-2.0
1955,-1.0
1956,-0.5
1957,2.0
1958,-1.0
1959,2.0
1960,-2.0
1961,-2.0
1962,-1.0
1963,-0.5
1964,1.0
1965,-0.5
1966,-0.5
1967,2.0
1968,-1.0
1969,-8.0
1970,-4.0
1971,4.0
1972,1.0
1973,1.0
1974,0.5
1975,1.0
1976,1.0
1977,0.5
1978,1.0
1979,8.0
1980,-2.0
1981,-3.0
1982,1.0
1983,2.0
1984,6.0
1985,-1.0
1986,-3.0
1987,0.5
1988,-0.5
1989,-2.0
1990,-0.5
1991,-5.0
1992,-1.0
1993,0.5
1994,-3.0
1995,2.0
1996,-1.0
1997,0.5
1998,1.0
1999,0.5
2000,0.5
2001,2.0
2002,-1.0
2003,0.5
2004,-1.0
2005,-1.0
2006,-2.0
2007,0.5
2008,2.0
2009,3.0
2010,0.5
2011,1.0
2012,1.0
2013,1.0
2014,-3.0
2015,0.5
2016,4.0
2017,0.5
2018,2.0
2019,-4.0
2020,2.0
2021,-0.5
2022,2.0
2023,4.0
2024,-4.0
2025,-2.0
2026,2.0
2027,-2.0
2028,0.5
2029,-1.0
2030,0.5
2031,-3.0
2032,-1.0
2033,-0.5
2034,1.0
2035,1.0
2036,0.5
2037,-1.0
2038,1.0
2039,-1.0
2040,2.0
2041,-3.0
2042,-3.0
2043,1.0
2044,1.0
2045,2.0
2046,-2.0
2047,-0.5
2048,9.0
2049,-0.5
2050,-0.5
2051,1.0
2052,-1.0
2053,1.0
2054,5.0
2055,3.0
2056,2.0
2057,-1.0
2058,-3.0
2059,-2.0
2060,0.5
2061,2.0
2062,-0.5
2063,-0.5
2064,0.5
2065,-1.0
2066,-0.5
2067,-1.0
2068,-6.0
2069,0.5
2070,-3.0
2071,-3.0
2072,-1.0
2073,0.5
2074,-3.0
2075,0.5
2076,0.5
2077,1.0
2078,0.5
2079,-2.0
2080,1.0
2081,0.5
2082,0.5
2083,-0.5
2084,1.0
2085,-0.5
2086,4.0
2087,-0.5
2088,0.5
2089,3.0
2090,0.5
2091,-0.5
2092,-8.0
2093,-2.0
2094,-4.0
2095,2.0
2096,1.0
2097,3.0
2098,0.5
2099,1.0
2100,1.0
2101,0.5
2102,1.0
2103,0.5
2104,4.0
2105,-0.5
2106,-0.5
2107,1.0
2108,1.0
2109,-0.5
2110,0.5
2111,0.5
2112,0.5
2113,-1.0
2114,-0.5
2115,2.0
2116,-0.5
2117,7.0
2118,-0.5
2119,1.0
2120,0.5
2121,-0.5
2122,-1.0
2123,-0.5
2124,-0.5
2125,4.0
2126,-3.0
2127,-1.0
2128,5.0
2129,-1.0
2130,-3.0
2131,-4.0
2132,-1.0
2133,1.0
2134,-2.0
2135,-0.5
2136,-1.0
2137,1.0
2138,-3.0
2139,-2.0
2140,2.0
2141,-2.0
2142,2.0
2143,4.0
2144,3.0
2145,0.5
2146,1.0
2147,1.0
2148,1.0
2149,0.5
2150,2.0
2151,0.5
2152,-3.0
2153,-5.0
2154,-1.0
2155,0.5
2156,1.0
2157,0.5
2158,0.5
2159,0.5
2160,1.0
2161,1.0
2162,1.0
2163,4.0
2164,3.0
2165,-1.0
2166,0.5
2167,-0.5
2168,1.0
2169,-4.0
2170,1.0
2171,4.0
2172,-0.5
2173,-0.5
2174,1.0
2175,0.5
2176,1.0
2177,-0.5
2178,-9.0
2179,1.0
2180,-3.0
2181,-2.0
2182,3.0
2183,-0.5
2184,8.0
2185,1.0
2186,1.0
2187,2.0
2188,-3.0
2189,1.0
2190,1.0
2191,5.0
2192,0.5
2193,-0.5
2194,-1.0
2195,-0.5
2196,1.0
2197,-0.5
2198,-1.0
2199,1.0
2200,-0.5
2201,-1.0
2202,-2.0
2203,0.5
2204,1.0
2205,0.5
2206,1.0
2207,-0.5
2208,2.0
2209,3.0
2210,1.0
2211,1.0
2212,0.5
2213,-0.5
2214,1.0
2215,4.0
2216,14.0
2217,-2.0
2218,2.0
2219,3.0
2220,-0.5
2221,1.0
2222,-1.0
2223,-0.5
2224,1.0
2225,-0.5
2226,-1.0
2227,-0.5
2228,2.0
2229,0.5
2230,-2.0
2231,-1.0
2232,6.0
2233,-0.5
2234,1.0
2235,-5.0
2236,4.0
2237,2.0
2238,2.0
2239,-3.0
2240,-1.0
2241,3.0
2242,0.5
2243,-2.0
2244,1.0
2245,-4.0
2246,0.5
2247,0.5
2248,-0.5
2249,-2.0
2250,-2.0
2251,2.0
2252,0.5
2253,0.5
2254,1.0
2255,1.0
2256,1.0
2257,-0.5
2258,-4.0
2259,-0.5
2260,1.0
2261,3.0
2262,2.0
2263,6.0
2264,0.5
2265,0.5
2266,1.0
2267,0.5
2268,6.0
2269,-1.0
2270,-1.0
2271,1.0
2272,1.0
2273,1.0
2274,1.0
2275,-2.0
2276,1.0
2277,-2.0
2278,-0.5
2279,2.0
2280,0.5
2281,-0.5
2282,2.0
2283,1.0
2284,-0.5
2285,-1.0
2286,0.5
2287,-0.5
2288,2.0
2289,-2.0
2290,-2.0
2291,-1.0
2292,-0.5
2293,-0.5
2294,-0.5
2295,0.5
2296,-3.0
2297,-4.0
2298,-3.0
2299,3.0
2300,1.0
2301,-2.0
2302,1.0
2303,-2.0
2304,2.0
2305,2.0
2306,-3.0
2307,-4.0
2308,-1.0
2309,2.0
2310,-1.0
2311,-0.5
2312,-0.5
2313,1.0
2314,-0.5
2315,1.0
2316,-2.0
2317,-0.5
2318,0.5
2319,2.0
2320,0.5
2321,11.0
2322,-1.0
2323,-4.0
2324,-0.5
2325,-2.0
2326,-3.0
2327,1.0
2328,0.5
2329,-2.0
2330,-0.5
2331,0.5
2332,1.0
2333,-0.5
2334,-3.0
2335,0.5
2336,-3.0
2337,2.0
2338,1.0
2339,0.5
2340,2.0
2341,2.0
2342,2.0
2343,-0.5
2344,3.0
2345,-0.5
2346,-2.0
2347,2.0
2348,2.0
2349,2.0
2350,3.0
2351,2.0
2352,1.0
2353,1.0
2354,0.5
2355,-4.0
2356,0.5
2357,5.0
2358,-2.0
2359,1.0
2360,0.5
2361,0.5
2362,-4.0
2363,2.0
2364,3.0
2365,-1.0
2366,1.0
2367,-1.0
2368,-1.0
2369,-0.5
2370,1.0
2371,3.0
2372,0.5
2373,1.0
2374,-4.0
2375,1.0
2376,-2.0
2377,0.5
2378,-0.5
2379,0.5
2380,4.0
2381,1.0
2382,1.0
2383,0.5
2384,-0.5
2385,3.0
2386,0.5
2387,1.0
2388,-2.0
2389,-0.5
2390,8.0
2391,-0.5
2392,-2.0
2393,5.0
2394,1.0
2395,2.0
2396,-0.5
2397,0.5
2398,1.0
2399,-1.0
2400,-1.0
2401,-4.0
2402,3.0
2403,-2.0
2404,-1.0
2405,-1.0
2406,1.0
2407,2.0
2408,2.0
2409,-1.0
2410,-1.0
2411,-1.0
2412,0.5
2413,1.0
2414,-0.5
2415,0.5
2416,2.0
2417,3.0
2418,2.0
2419,-1.0
2420,1.0
2421,0.5
2422,4.0
2423,6.0
2424,-1.0
2425,-1.0
2426,-1.0
2427,0.5
2428,-1.0
2429,-1.0
2430,-1.0
2431,-5.0
2432,0.5
2433,1.0
2434,-0.5
2435,1.0
2436,-2.0
2437,5.0
2438,8.0
2439,2.0
2440,1.0
2441,-2.0
2442,-2.0
2443,-2.0
2444,2.0
2445,1.0
2446,-0.5
2447,0.5
2448,-1.0
2449,2.0
2450,0.5
2451,0.5
2452,0.5
2453,0.5
2454,0.5
2455,-0.5
2456,-0.5
2457,-1.0
2458,1.0
2459,-1.0
2460,-1.0
2461,3.0
2462,0.5
2463,0.5
2464,9.0
2465,-0.5
2466,1.0
2467,1.0
2468,1.0
2469,-1.0
2470,2.0
2471,-1.0
2472,0.5
2473,2.0
2474,6.0
2475,0.5
2476,0.5
2477,1.0
2478,-1.0
2479,-0.5
2480,0.5
2481,-1.0
2482,3.0
2483,-1.0
2484,-0.5
2485,-3.0
2486,7.0
2487,2.0
2488,-4.0
2489,2.0
2490,0.5
2491,3.0
2492,3.0
2493,-6.0
2494,-3.0
2495,0.5
2496,0.5
2497,-1.0
2498,0.5
2499,-1.0
2500,0.5
2501,1.0
2502,-1.0
2503,-2.0
2504,0.5
2505,2.0
2506,1.0
2507,0.5
2508,-1.0
2509,-3.0
2510,1.0
2511,3.0
2512,-0.5
2513,1.0
2514,-1.0
2515,-1.0
2516,0.5
2517,-2.0
2518,0.5
2519,-0.5
2520,-1.0
2521,7.0
2522,-0.5
2523,1.0
2524,4.0
2525,0.5
2526,-3.0
2527,2.0
2528,-0.5
2529,-2.0
2530,-1.0
2531,4.0
2532,-1.0
2533,4.0
2534,1.0
2535,-1.0
2536,-7.0
2537,1.0
2538,-1.0
2539,-1.0
2540,1.0
2541,-2.0
2542,1.0
2543,1.0
2544,1.0
2545,6.0
2546,-1.0
2547,3.0
2548,0.5
2549,4.0
2550,-2.0
2551,1.0
2552,-2.0
2553,-0.5
2554,-0.5
2555,-1.0
2556,-2.0
2557,0.5
2558,0.5
2559,0.5
2560,-2.0
2561,3.0
2562,0.5
2563,0.5
2564,-2.0
2565,0.5
2566,2.0
2567,6.0
2568,0.5
2569,2.0
2570,-1.0
2571,-1.0
2572,4.0
2573,-2.0
2574,-0.5
2575,0.5
2576,0.5
2577,4.0
2578,-1.0
2579,-0.5
2580,0.5
2581,0.5
2582,2.0
2583,2.0
2584,1.0
2585,-0.5
2586,-3.0
2587,4.0
2588,1.0
2589,1.0
2590,-1.0
2591,-0.5
2592,-5.0
2593,-0.5
2594,4.0
2595,-3.0
2596,-1.0
2597,-0.5
2598,3.0
2599,-2.0
2600,-0.5
2601,-1.0
2602,2.0
2603,0.5
2604,-1.0
2605,-0.5
2606,1.0
2607,1.0
2608,0.5
2609,-0.5
2610,3.0
2611,-5.0
2612,3.0
2613,-1.0
2614,2.0
2615,1.0
2616,-1.0
2617,-0.5
2618,1.0
2619,2.0
2620,-2.0
2621,2.0
2622,-0.5
2623,2.0
2624,-3.0
2625,4.0
2626,1.0
2627,2.0
2628,1.0
2629,-0.5
2630,-2.0
2631,-8.0
2632,-4.0
2633,-1.0
2634,2.0
2635,-9.0
2636,1.0
2637,4.0
2638,-1.0
2639,1.0
2640,0.5
2641,2.0
2642,1.0
2643,1.0
2644,-2.0
2645,1.0
2646,-2.0
2647,-2.0
2648,-4.0
2649,1.0
2650,1.0
2651,3.0
2652,-0.5
2653,2.0
2654,1.0
2655,-0.5
2656,0.5
2657,0.5
2658,-2.0
2659,1.0
2660,1.0
2661,-1.0
2662,-0.5
2663,-1.0
2664,-2.0
2665,0.5
2666,-0.5
2667,-0.5
2668,-2.0
2669,4.0
2670,-3.0
2671,2.0
2672,-6.0
2673,-2.0
2674,-5.0
2675,1.0
2676,1.0
2677,1.0
2678,0.5
2679,0.5
2680,2.0
2681,1.0
2682,0.5
2683,-2.0
2684,2.0
2685,9.0
2686,-1.0
2687,2.0
2688,2.0
2689,3.0
2690,-1.0
2691,-2.0
2692,4.0
2693,1.0
2694,0.5
2695,-0.5
2696,-0.5
2697,2.0
2698,8.0
2699,2.0
2700,-0.5
2701,2.0
2702,-1.0
2703,3.0
2704,-1.0
2705,2.0
2706,-0.5
2707,-1.0
2708,-5.0
2709,2.0
2710,-4.0
2711,-2.0
2712,-0.5
2713,3.0
2714,0.5
2715,0.5
2716,0.5
2717,1.0
2718,0.5
2719,-3.0
2720,0.5
2721,-2.0
2722,2.0
2723,-4.0
2724,0.5
2725,-2.0
2726,2.0
2727,-2.0
2728,1.0
2729,-0.5
2730,-7.0
2731,0.5
2732,2.0
2733,-1.0
2734,0.5
2735,-2.0
2736,0.5
2737,-0.5
2738,-1.0
2739,1.0
2740,-2.0
2741,1.0
2742,5.0
2743,-1.0
2744,1.0
2745,-0.5
2746,-2.0
2747,-0.5
2748,2.0
2749,-5.0
2750,-4.0
2751,1.0
2752,-1.0
2753,-0.5
2754,-1.0
2755,-1.0
2756,-1.0
2757,1.0
2758,-6.0
2759,-2.0
2760,1.0
2761,-4.0
2762,-1.0
2763,1.0
2764,-2.0
2765,0.5
2766,2.0
2767,0.5
2768,-0.5
2769,1.0
2770,-4.0
2771,0.5
2772,2.0
2773,-0.5
2774,-0.5
2775,-2.0
2776,-1.0
2777,-6.0
2778,0.5
2779,2.0
2780,-1.0
2781,-0.5
2782,1.0
2783,2.0
2784,0.5
2785,-0.5
2786,4.0
2787,1.0
2788,7.0
2789,-0.5
2790,5.0
2791,0.5
2792,1.0
2793,-0.5
2794,-2.0
2795,0.5
2796,2.0
2797,-0.5
2798,-2.0
2799,-0.5
2800,-0.5
2801,2.0
2802,-3.0
2803,-2.0
2804,-4.0
2805,-1.0
2806,-1.0
2807,-8.0
2808,10.0
2809,1.0
2810,2.0
2811,-2.0
2812,-0.5
2813,-0.5
2814,0.5
2815,-1.0
2816,2.0
2817,-1.0
2818,2.0
2819,1.0
2820,0.5
2821,0.5
2822,-1.0
2823,0.5
2824,1.0
2825,-0.5
2826,-0.5
2827,1.0
2828,2.0
2829,-0.5
2830,5.0
2831,1.0
2832,3.0
2833,-2.0
2834,3.0
2835,-0.5
2836,2.0
2837,0.5
2838,1.0
2839,0.5
2840,4.0
2841,1.0
2842,3.0
2843,1.0
2844,2.0
2845,1.0
2846,4.0
2847,2.0
2848,1.0
2849,3.0
2850,2.0
2851,0.5
2852,-0.5
2853,3.0
2854,-1.0
2855,-1.0
2856,-0.5
2857,-4.0
2858,-0.5
2859,-0.5
2860,-2.0
2861,4.0
2862,2.0
2863,-1.0
2864,1.0
2865,-2.0
2866,2.0
2867,-5.0
2868,1.0
2869,2.0
2870,-2.0
2871,-1.0
2872,-8.0
2873,-0.5
2874,1.0
2875,-0.5
2876,-4.0
2877,0.5
2878,-1.0
2879,-2.0
2880,-0.5
2881,4.0
2882,3.0
2883,-0.5
2884,-0.5
2885,-3.0
2886,1.0
2887,3.0
2888,-0.5
2889,11.0
2890,2.0
2891,-0.5
2892,-3.0
2893,-2.0
2894,-3.0
2895,-0.5
2896,1.0
2897,1.0
2898,1.0
2899,2.0
2900,-1.0
2901,-2.0
2902,0.5
2903,-3.0
2904,-2.0
2905,-1.0
2906,-0.5
2907,-1.0
2908,-0.5
2909,-2.0
2910,-2.0
2911,-0.5
2912,-0.5
2913,0.5
2914,1.0
2915,3.0
2916,-2.0
2917,0.5
2918,2.0
2919,0.5
2920,-6.0
2921,-2.0
2922,-1.0
2923,0.5
2924,0.5
2925,3.0
2926,-6.0
2927,4.0
2928,1.0
2929,7.0
2930,2.0
2931,-0.5
2932,-1.0
2933,-2.0
2934,-0.5
2935,-2.0
2936,-0.5
2937,1.0
2938,0.5
2939,0.5
2940,1.0
2941,0.5
2942,1.0
2943,3.0
2944,0.5
2945,-0.5
2946,-2.0
2947,-1.0
2948,1.0
2949,1.0
2950,1.0
2951,0.5
2952,0.5
2953,0.5
2954,4.0
2955,0.5
2956,-2.0
2957,-1.0
2958,0.5
2959,-7.0
2960,-0.5
2961,-3.0
2962,1.0
2963,3.0
2964,1.0
2965,0.5
2966,8.0
2967,-0.5
2968,-0.5
2969,-2.0
2970,-7.0
2971,-1.0
2972,-0.5
2973,0.5
2974,-1.0
2975,1.0
2976,4.0
2977,0.5
2978,-2.0
2979,1.0
2980,2.0
2981,0.5
2982,1.0
2983,-0.5
2984,-2.0
2985,4.0
2986,-0.5
2987,3.0
2988,2.0
2989,3.0
2990,0.5
2991,5.0
2992,1.0
2993,2.0
2994,-3.0
2995,2.0
2996,0.5
2997,0.5
2998,-3.0
2999,3.0
3000,-2.0
